Nom,Prénom,Description
Dupont,Jean,Développeur web
Martin,Sarah,Étudiante en informatique
Doe,John,Data analyst
Durand,Claire,UX designer
Petit,Marc,DevOps engineer
Moreau,Lisa,Data scientist
Lefevre,Paul,Frontend developer
Roux,Emma,Backend developer
Brun,Lucas,Project manager
Garnier,Alice,QA tester
Dupont,Marc,Développeur web
Martin,Lisa,Étudiante en informatique
Doe,Paul,Data analyst
Durand,Emma,UX designer
Petit,Jean,DevOps engineer
Moreau,Sarah,Data scientist
Lefevre,John,Frontend developer
Roux,Claire,Backend developer
Brun,Marc,Project manager
Garnier,Lisa,QA tester
Dupont,Paul,Développeur web
Martin,Emma,Étudiante en informatique
Doe,Lucas,Data analyst
Durand,Alice,UX designer
Petit,Jean,DevOps engineer
Moreau,Sarah,Data scientist
Lefevre,Marc,Frontend developer
Roux,Lisa,Backend developer
Brun,Paul,Project manager
Garnier,Emma,QA tester
Dupont,John,Développeur web
Martin,Claire,Étudiante en informatique
Doe,Marc,Data analyst
Durand,Lisa,UX designer
Petit,Paul,DevOps engineer
Moreau,Emma,Data scientist
Lefevre,Alice,Frontend developer
Roux,Jean,Backend developer
Brun,Sarah,Project manager
Garnier,Lucas,QA tester
Dupont,Claire,Développeur web
Martin,Paul,Étudiante en informatique
Doe,Lisa,Data analyst
Durand,Marc,UX designer
Petit,Emma,DevOps engineer
Moreau,Jean,Data scientist
Lefevre,Sarah,Frontend developer
Roux,Lucas,Backend developer
Brun,Alice,Project manager
Garnier,Marc,QA tester
Dupont,Emma,Développeur web
Martin,John,Étudiante en informatique
Doe,Claire,Data analyst
Durand,Paul,UX designer
Petit,Lisa,DevOps engineer
Moreau,Marc,Data scientist
Lefevre,Emma,Frontend developer
Roux,Alice,Backend developer
Brun,Jean,Project manager
Garnier,Sarah,QA tester
Dupont,Lucas,Développeur web
Martin,Alice,Étudiante en informatique
Doe,Jean,Data analyst
Durand,Sarah,UX designer
Petit,Marc,DevOps engineer
Moreau,Lisa,Data scientist
Lefevre,Paul,Frontend developer
Roux,Emma,Backend developer
Brun,Lucas,Project manager
Garnier,Alice,QA tester
Dupont,Marc,Développeur web
Martin,Lisa,Étudiante en informatique
Doe,Paul,Data analyst
Durand,Emma,UX designer
Petit,Jean,DevOps engineer
Moreau,Sarah,Data scientist
Lefevre,John,Frontend developer
Roux,Claire,Backend developer
Brun,Marc,Project manager
Garnier,Lisa,QA tester
Dupont,Paul,Développeur web
Martin,Emma,Étudiante en informatique
Doe,Lucas,Data analyst
Durand,Alice,UX designer
Petit,Jean,DevOps engineer
Moreau,Sarah,Data scientist
Lefevre,Marc,Frontend developer
Roux,Lisa,Backend developer
Brun,Paul,Project manager
Garnier,Emma,QA tester
Dupont,John,Développeur web
Martin,Claire,Étudiante en informatique
Doe,Marc,Data analyst
Durand,Lisa,UX designer
Petit,Paul,DevOps engineer
Moreau,Emma,Data scientist
Lefevre,Alice,Frontend developer
Roux,Jean,Backend developer
Brun,Sarah,Project manager
Garnier,Lucas,QA tester
Dupont,Claire,Développeur web
Martin,Paul,Étudiante en informatique
Doe,Lisa,Data analyst
Durand,Marc,UX designer
Petit,Emma,DevOps engineer
Moreau,Jean,Data scientist
Lefevre,Sarah,Frontend developer
Roux,Lucas,Backend developer
Brun,Alice,Project manager
Garnier,Marc,QA tester
